Page Name,Link
Facebook,https://www.facebook.com/
Home,https://www.facebook.com/
"Watch, 10 notifications",https://www.facebook.com/watch/
Marketplace,https://www.facebook.com/marketplace/?ref=app_tab
"Groups, 3 notifications",https://www.facebook.com/groups/
Gaming,https://www.facebook.com/gaming/?ref=games_tab
More,https://www.facebook.com/bookmarks/
"Notifications, 1 unread",https://www.facebook.com/notifications/
See All in Messenger,https://www.facebook.com/messages/t/
New message,https://www.facebook.com/messages/t/new/
Biofloc Fish Farming BD,https://www.facebook.com/BioflocFishFarmingBangladesh/
Biofloc Bangladesh,https://www.facebook.com/BioflocBangladeshofficial/
Biofloc Product BD,https://www.facebook.com/BioflocProductBangladesh/
Ifarmer.asia,https://www.facebook.com/ifarmerasia/
Biofloc fish farming in Bangladesh,https://www.facebook.com/SM.Agro.Gazipur/
Dhaka Biofloc,https://www.facebook.com/Dhaka-Biofloc-109676534244480/
Biofloc Fish Farm & Accessories Dhaka,https://www.facebook.com/bffaad/
Evergreen Biofloc Consultancy,https://www.facebook.com/BioflocConsultancy/
Fruits Farm-ফ্রুটস ফার্ম,https://www.facebook.com/fruitsfarmbangladesh/
Biofloc Fish farming shop in bangladesh,https://www.facebook.com/BioflocFarmingShop/
বায়োফ্লক মাছ চাষ তথ্য ও পরামর্শ,https://www.facebook.com/ModhumotiBiofloc/
Biofloc Farming System,https://www.facebook.com/BioflocFarmingSystem/
"Biofloc fish farming,Aquaphonic , hydroponic Bangladesh",https://www.facebook.com/Biofloc-fish-farmingAquaphonic-hydroponic-Bangladesh-357179271678317/
Biofloc Bazar BD,https://www.facebook.com/Bioflocbazarbd.com.fb/
Biofloc Bangladesh,https://www.facebook.com/Biofloc.xyz/
Biofloc Accessories Bangladesh,https://www.facebook.com/biofloc.accessories.bangladesh/
Biofloc Fish Farming Sadarpur,https://www.facebook.com/Biofloc-Fish-Farming-Sadarpur-105871388169540/
Biotech Biofloc Project,https://www.facebook.com/Biotech-Biofloc-Project-105504691046254/
Biofloc Farming Accessorise House.,https://www.facebook.com/profile.php?id=100037188643201
The Biofloc Technology,https://www.facebook.com/TheBioflocTechnology/
Biofloc fishing & cool fish hunting,https://www.facebook.com/biofloccool/
Biofloc Fish Farming System,https://www.facebook.com/Biofloc-Fish-Farming-System-104498868097840/
Biofloc,https://www.facebook.com/Biofloc24/
Biofloc Aquaculture Bangladesh   প্রযুক্তি নির্ভর উচ্চ ঘনত্বে মাছ চাষ,https://www.facebook.com/Biofloc-Aquaculture-Bangladesh-%E0%A6%AA%E0%A7%8D%E0%A6%B0%E0%A6%AF%E0%A7%81%E0%A6%95%E0%A7%8D%E0%A6%A4%E0%A6%BF-%E0%A6%A8%E0%A6%BF%E0%A6%B0%E0%A7%8D%E0%A6%AD%E0%A6%B0-%E0%A6%89%E0%A6%9A%E0%A7%8D%E0%A6%9A-%E0%A6%98%E0%A6%A8%E0%A6%A4%E0%A7%8D%E0%A6%AC%E0%A7%87-%E0%A6%AE%E0%A6%BE%E0%A6%9B-%E0%A6%9A%E0%A6%BE%E0%A6%B7-115175916531939/
Biofloc Aquaculture Products Bangladesh,https://www.facebook.com/BioflocCare/
Biofloc Express Bangladesh,https://www.facebook.com/bioflocproducts/
KS Biofloc Fish Farming,https://www.facebook.com/ksbioflocfishfarming/
Bondhur Sriti Biofloc Fish Farm,https://www.facebook.com/BondhurSritiBiofloc/
Biofloc accessories,https://www.facebook.com/Biofloc-accessories-111290727370627/
Biofloc Project Narsingdi,https://www.facebook.com/Biofloc-Project-Narsingdi-100831745380953/
Palong Biofloc fish farm,https://www.facebook.com/palong.biofioc/
Biofloc Fish Farming in Bangladesh,https://www.facebook.com/Biofloc-Fish-Farming-in-Bangladesh-101083791534672/
Maa Biofloc Fish Farm,https://www.facebook.com/Maa-Biofloc-Fish-Farm-109884734237842/
Sunny Village Farming BD,https://www.facebook.com/bfz.nagarpur/
Friend's Agro Valley Farm,https://www.facebook.com/Friends-Agro-Valley-Farm-105435421210172/
বায়োফ্লক পদ্ধতি-তে মাছ চাষ প্রশিক্ষণ,https://www.facebook.com/rangpur.biofloc.training.instute/
Bondhu Biofloc Fish Farming,https://www.facebook.com/bondhubiofloc/
Critical Biofloc Fishfarm Technology,https://www.facebook.com/BioflocBFT/
Biofloc fish farming-বায়োফ্লক পদ্ধতিতে মাছ চাষ,https://www.facebook.com/Biofloc-fish-farming-%E0%A6%AC%E0%A6%BE%E0%A7%9F%E0%A7%8B%E0%A6%AB%E0%A7%8D%E0%A6%B2%E0%A6%95-%E0%A6%AA%E0%A6%A6%E0%A7%8D%E0%A6%A7%E0%A6%A4%E0%A6%BF%E0%A6%A4%E0%A7%87-%E0%A6%AE%E0%A6%BE%E0%A6%9B-%E0%A6%9A%E0%A6%BE%E0%A6%B7-101374241268581/
Biofloc Fish farming BD,https://www.facebook.com/bioflocfishfarmingbds/
Aqueous Biofloc Consultancy Bangladesh,https://www.facebook.com/AqueousBioflocConsultancyBD/
Aqua Farming Forum of Bangladesh,https://www.facebook.com/Aqua-Farming-Forum-of-Bangladesh-611672466154653/
Nishad Biofloc Fish farm,https://www.facebook.com/nishadaquaculture/
M&P Biofloc Fish Farm মতলব,https://www.facebook.com/MPBiofloc/
Friend's Fish Farm - Biofloc,https://www.facebook.com/Friends-Fish-Farm-Biofloc-108715034177777/
Biofloc Farmer,https://www.facebook.com/bioflocfarmerbd/
Fishzone Biofloc Farm,https://www.facebook.com/Fishzone-Biofloc-Farm-109556770541280/
Biofloc Fish Garden,https://www.facebook.com/Bioflocfishgarden/
Farmers Food BD,https://www.facebook.com/farmersfoodbd/
Organic Farming.BD,https://www.facebook.com/organicfarming24/
Friend's Agro farm And Biofloc,https://www.facebook.com/Friends-Agro-farm-And-Biofloc-101236701818929/
SR Biofloc Fish Farm,https://www.facebook.com/SR-Biofloc-Fish-Farm-105431171543582/
Magura Biofloc,https://www.facebook.com/Magura-Biofloc-101717268238767/
Biofloc and Colour Fish Farm pabna,https://www.facebook.com/Biofloc-and-Colour-Fish-Farm-pabna-101812225420184/
Quality BioFloc Products,https://www.facebook.com/QualityBioFlocProducts/
Biofloc Bangladesh,https://www.facebook.com/hajiagrocity/
Biofloc in Bangladesh,https://www.facebook.com/Biofloc-in-Bangladesh-108627320563861/
Najifa biofloc fish farmer products,https://www.facebook.com/NBFFP/
New Bio-Floc Fish Farming,https://www.facebook.com/New-Bio-Floc-Fish-Farming-102818101581048/
Biofloc Association of Bangladesh,https://www.facebook.com/Biofloc-Association-of-Bangladesh-111793240447652/
Biofloc fish bangladesh,https://www.facebook.com/Biofloc-fish-bangladesh-102473174990852/
Bangladesh biofloc fish association,https://www.facebook.com/Bangladesh-biofloc-fish-association-106244094666115/
Jk Biofloc Fish Farming In Bangladesh,https://www.facebook.com/Jk-Biofloc-Fish-Farming-In-Bangladesh-103934271478961/
Fluent Farming Bangladesh,https://www.facebook.com/fluentfarmingbd/
Dhaka Rabbit Farm। ঢাকা খরগোশ ফার্ম,https://www.facebook.com/Dhaka-Rabbit-Farm-%E0%A6%A2%E0%A6%BE%E0%A6%95%E0%A6%BE-%E0%A6%96%E0%A6%B0%E0%A6%97%E0%A7%8B%E0%A6%B6-%E0%A6%AB%E0%A6%BE%E0%A6%B0%E0%A7%8D%E0%A6%AE-104949318030417/
Bloom Agro Farm Ltd.,https://www.facebook.com/Bloom-Agro-Farm-Ltd-103336924627556/
Farming Future Bangladesh-ফার্মিং ফিউচার বাংলাদেশ,https://www.facebook.com/FarmingFutureBD/
Biofloc Technology Bangladesh,https://www.facebook.com/biofloctechbd/
Biofloc Tank,https://www.facebook.com/BioflocTank/
Bangladesh Biofloc Training Center,https://www.facebook.com/bbtc100/
TR Biofloc fish farming in Bangladesh,https://www.facebook.com/TR-Biofloc-fish-farming-in-Bangladesh-114722176734350/
Biofloc BD বায়োফ্লক বিডি,https://www.facebook.com/Bioflocbdcommunity/
Bangladesh Poultry Farmers' Association - BPFA- বাপোখাপ,https://www.facebook.com/bpfa.org/
YMZ Biofloc Sylhet,https://www.facebook.com/ymzbioflocsylhet/
Farmers in Bangladesh,https://www.facebook.com/Farmers-in-Bangladesh-366042520144528/
Bangladesh  Services,https://www.facebook.com/newsofbdgovt/
Finding Bangladesh,https://www.facebook.com/findingbangladesh/
Bangladesh Agricultural Farm Labour Federation - BAFLF,https://www.facebook.com/BAFLF/
BFDC-Bangladesh Film Development Corporation,https://www.facebook.com/ZahidMazumderfm/
Farming,https://www.facebook.com/farminggoatbd/
Five Star Agro Fisheries,https://www.facebook.com/5star.agro.fisheries/
Pharmacist in Bangladesh,https://www.facebook.com/pharmacistinbangladesh/
Fish Farm Owners Association Bangladesh - FOAB,https://www.facebook.com/foabbd/
Biofloc fish farming process,https://www.facebook.com/bioflocfishprocess/
Nature of Bangladesh,https://www.facebook.com/NaturarlBD/
BIOAQUA Bangladesh,https://www.facebook.com/bioaquabd1/
Bangladesh Black Force Group,https://www.facebook.com/farid.bbfg/
IFC Bangladesh,https://www.facebook.com/IFCBangladesh/
M3R Agro & Biofloc Farm,https://www.facebook.com/m3rAgroBioflocfarm/
Arian Biofloc Fish Farm,https://www.facebook.com/arianbioflocfishfarm/
গ্রীন এ্যাগ্রো ফার্ম Green Agro Farm,https://www.facebook.com/%E0%A6%97%E0%A7%8D%E0%A6%B0%E0%A7%80%E0%A6%A8-%E0%A6%8F%E0%A7%8D%E0%A6%AF%E0%A6%BE%E0%A6%97%E0%A7%8D%E0%A6%B0%E0%A7%8B-%E0%A6%AB%E0%A6%BE%E0%A6%B0%E0%A7%8D%E0%A6%AE-Green-Agro-Farm-100239878387147/
Biofloc fish farm rangpur,https://www.facebook.com/Mdmehedihassanheaven/
Biofloc society of Bangladesh,https://www.facebook.com/bioflocsocietybd/
Biofloc Fish Farming Geomembrane Tank Supplier in Bangladesh,https://www.facebook.com/Biofloc-Fish-Farming-Geomembrane-Tank-Supplier-in-Bangladesh-103003374608452/
K.I. Fish Farm & Biofloc Technology,https://www.facebook.com/KI-Fish-Farm-Biofloc-Technology-106482834422174/
Biofloc fish farming Training,https://www.facebook.com/Biofloc-fish-farming-Training-100811258106287/
Biofloc Fish Farming In Hindi,https://www.facebook.com/bioflocfishfarminginhindi/
Bangladesh Fish Farming System,https://www.facebook.com/Bangladesh.Fish.Farming.System/
Farlin Baby Products Bangladesh,https://www.facebook.com/farlinbangladesh/
Better Life Agro & Biofloc fish farm,https://www.facebook.com/BetterLifeMartbd/
