Page Name,Link
Facebook,https://www.facebook.com/
Home,https://www.facebook.com/
"Watch, 10 notifications",https://www.facebook.com/watch/
Marketplace,https://www.facebook.com/marketplace/?ref=app_tab
"Groups, 3 notifications",https://www.facebook.com/groups/
Gaming,https://www.facebook.com/gaming/?ref=games_tab
More,https://www.facebook.com/bookmarks/
"Notifications, 1 unread",https://www.facebook.com/notifications/
See All in Messenger,https://www.facebook.com/messages/t/
New message,https://www.facebook.com/messages/t/new/
Biofloc Fish Farming BD,https://www.facebook.com/BioflocFishFarmingBangladesh/
Aqua Shrimp Farm BD.,https://www.facebook.com/aquashrimpfarmbd/
Setara Farm,https://www.facebook.com/setarafarm/
Biofloc Bangladesh,https://www.facebook.com/BioflocBangladeshofficial/
Ifarmer.asia,https://www.facebook.com/ifarmerasia/
Biofloc fish farming in Bangladesh,https://www.facebook.com/SM.Agro.Gazipur/
বায়োফ্লক মাছ চাষ তথ্য ও পরামর্শ,https://www.facebook.com/ModhumotiBiofloc/
Biofloc Fish Farming in Bangladesh,https://www.facebook.com/Biofloc-Fish-Farming-in-Bangladesh-101083791534672/
Fish Farm Bangladesh,https://www.facebook.com/Fish.Farm.Bangladesh/
Biofloc Fish farming shop in bangladesh,https://www.facebook.com/BioflocFarmingShop/
"Biofloc fish farming,Aquaphonic , hydroponic Bangladesh",https://www.facebook.com/Biofloc-fish-farmingAquaphonic-hydroponic-Bangladesh-357179271678317/
Biofloc Fish Farm & Accessories Dhaka,https://www.facebook.com/bffaad/
Globe Fisheries LTD,https://www.facebook.com/globefisheriesltd/
"Biofloc Fish Farming, Dhaka",https://www.facebook.com/BioflocFishFarmingDhaka/
Biofloc Bangladesh,https://www.facebook.com/Biofloc.xyz/
KS Biofloc Fish Farming,https://www.facebook.com/ksbioflocfishfarming/
Biofloc Aquaculture Bangladesh   প্রযুক্তি নির্ভর উচ্চ ঘনত্বে মাছ চাষ,https://www.facebook.com/Biofloc-Aquaculture-Bangladesh-%E0%A6%AA%E0%A7%8D%E0%A6%B0%E0%A6%AF%E0%A7%81%E0%A6%95%E0%A7%8D%E0%A6%A4%E0%A6%BF-%E0%A6%A8%E0%A6%BF%E0%A6%B0%E0%A7%8D%E0%A6%AD%E0%A6%B0-%E0%A6%89%E0%A6%9A%E0%A7%8D%E0%A6%9A-%E0%A6%98%E0%A6%A8%E0%A6%A4%E0%A7%8D%E0%A6%AC%E0%A7%87-%E0%A6%AE%E0%A6%BE%E0%A6%9B-%E0%A6%9A%E0%A6%BE%E0%A6%B7-115175916531939/
Biofloc Accessories Bangladesh,https://www.facebook.com/biofloc.accessories.bangladesh/
Biotech Biofloc Project,https://www.facebook.com/Biotech-Biofloc-Project-105504691046254/
Bondhur Sriti Biofloc Fish Farm,https://www.facebook.com/BondhurSritiBiofloc/
Sunny Village Farming BD,https://www.facebook.com/bfz.nagarpur/
Biofloc Aquaculture Products Bangladesh,https://www.facebook.com/BioflocCare/
Biofloc Fish Farming System,https://www.facebook.com/Biofloc-Fish-Farming-System-104498868097840/
Bondhu Biofloc Fish Farming,https://www.facebook.com/bondhubiofloc/
Biofloc,https://www.facebook.com/Biofloc24/
RK Agro-Farm Limited,https://www.facebook.com/AgrobyRK/
Biofloc FishFactory Ltd.,https://www.facebook.com/Ferdous.A.Koreshi.Raihan/
The Biofloc Technology,https://www.facebook.com/TheBioflocTechnology/
Biofloc Express Bangladesh,https://www.facebook.com/bioflocproducts/
Critical Biofloc Fishfarm Technology,https://www.facebook.com/BioflocBFT/
Biofloc Project Narsingdi,https://www.facebook.com/Biofloc-Project-Narsingdi-100831745380953/
Maa Biofloc Fish Farm,https://www.facebook.com/Maa-Biofloc-Fish-Farm-109884734237842/
বায়োফ্লক পদ্ধতি-তে মাছ চাষ প্রশিক্ষণ,https://www.facebook.com/rangpur.biofloc.training.instute/
Biofloc Fish farming BD,https://www.facebook.com/bioflocfishfarmingbds/
AR Fish Hatchery & Biofloc,https://www.facebook.com/ARfishhatchery/
Agro Tech Bangladesh,https://www.facebook.com/agrotechb/
Biofloc Farming System,https://www.facebook.com/BioflocFarmingSystem/
Biofloc Fish Garden,https://www.facebook.com/Bioflocfishgarden/
Friend's Fish Farm - Biofloc,https://www.facebook.com/Friends-Fish-Farm-Biofloc-108715034177777/
FAMS Agro Industries Ltd.,https://www.facebook.com/famsagroltd/
Biofloc fish farming-বায়োফ্লক পদ্ধতিতে মাছ চাষ,https://www.facebook.com/Biofloc-fish-farming-%E0%A6%AC%E0%A6%BE%E0%A7%9F%E0%A7%8B%E0%A6%AB%E0%A7%8D%E0%A6%B2%E0%A6%95-%E0%A6%AA%E0%A6%A6%E0%A7%8D%E0%A6%A7%E0%A6%A4%E0%A6%BF%E0%A6%A4%E0%A7%87-%E0%A6%AE%E0%A6%BE%E0%A6%9B-%E0%A6%9A%E0%A6%BE%E0%A6%B7-101374241268581/
Biofloc Farmer,https://www.facebook.com/bioflocfarmerbd/
Fish Farming,https://www.facebook.com/bdfishfarming/
Gold Fish farm in Dhaka,https://www.facebook.com/Gold-Fish-farm-in-Dhaka-106319978074658/
Fish farming in Bangladesh,https://www.facebook.com/FishfarminginBangladesh/
RAS Fish Farming,https://www.facebook.com/RAS.Fish.Farming/
Fishzone Biofloc Farm,https://www.facebook.com/Fishzone-Biofloc-Farm-109556770541280/
Arif indoor fish zone,https://www.facebook.com/Arif-indoor-fish-zone-108151997248608/
SR Biofloc Fish Farm,https://www.facebook.com/SR-Biofloc-Fish-Farm-105431171543582/
Magura Biofloc,https://www.facebook.com/Magura-Biofloc-101717268238767/
New Bio-Floc Fish Farming,https://www.facebook.com/New-Bio-Floc-Fish-Farming-102818101581048/
Fish  Farming,https://www.facebook.com/Rahifashion205/
Kazi Farms,https://www.facebook.com/KaziFarmsLimited/
Biofloc and Colour Fish Farm pabna,https://www.facebook.com/Biofloc-and-Colour-Fish-Farm-pabna-101812225420184/
Triangle Biofloc Fish Culture & agro,https://www.facebook.com/Triangle-Biofloc-Fish-Culture-agro-102974511235098/
Aqueous Biofloc Consultancy Bangladesh,https://www.facebook.com/AqueousBioflocConsultancyBD/
Guppy Fish Seller,https://www.facebook.com/Guppy-Fish-Seller-112479563505811/
Bangladesh biofloc fish association,https://www.facebook.com/Bangladesh-biofloc-fish-association-106244094666115/
Fish Farming in Feni,https://www.facebook.com/Fish-Farming-in-Feni-2261650110761245/
Biofloc fish bangladesh,https://www.facebook.com/Biofloc-fish-bangladesh-102473174990852/
RupaliFish,https://www.facebook.com/rupali.com.bd/
Biofloc Bangladesh,https://www.facebook.com/Bioflocfishproduct/
Najifa biofloc fish farmer products,https://www.facebook.com/NBFFP/
Biofloc Bangladesh,https://www.facebook.com/hajiagrocity/
BD FISH FARM,https://www.facebook.com/bdfishfarm/
Natural Fish & Aquarium,https://www.facebook.com/NaturalFishBD/
Biofloc in Bangladesh,https://www.facebook.com/Biofloc-in-Bangladesh-108627320563861/
Fish Factory,https://www.facebook.com/FishWorldBD/
"Firoz Indoor Fish Farm, Bangladesh.",https://www.facebook.com/firoz.hosen2/
Reegain & Vitacare Sub Dealer in Bangladesh,https://www.facebook.com/Reegain.com.bd/
Quality BioFloc Products,https://www.facebook.com/QualityBioFlocProducts/
Fish Farm Owners Association Bangladesh - FOAB,https://www.facebook.com/foabbd/
Bangladesh Agricultural Farm Labour Federation - BAFLF,https://www.facebook.com/BAFLF/
Sharnalata Agro Fisheries Ltd.,https://www.facebook.com/safhatchery/
Bangladesh Angling Forum,https://www.facebook.com/bangladeshangling/
Jk Biofloc Fish Farming In Bangladesh,https://www.facebook.com/Jk-Biofloc-Fish-Farming-In-Bangladesh-103934271478961/
Nahar Agro Group,https://www.facebook.com/naharagro/
Bangladesh Fish Farming System,https://www.facebook.com/Bangladesh.Fish.Farming.System/
Biofloc fish farming,https://www.facebook.com/Biofloc-fish-farming-115862280195566/
M3R Agro & Biofloc Farm,https://www.facebook.com/m3rAgroBioflocfarm/
Fish Farm,https://www.facebook.com/SAYID.AHMED.HiMU/
Fishmarketbd - Fish Farm,https://www.facebook.com/fishmarketbd/
Biofloc Fish Farming,https://www.facebook.com/BioffloccFishFarming/
Biofloc Fish Farming,https://www.facebook.com/bioflocstore/
TR Biofloc fish farming in Bangladesh,https://www.facebook.com/TR-Biofloc-fish-farming-in-Bangladesh-114722176734350/
YMZ Biofloc Sylhet,https://www.facebook.com/ymzbioflocsylhet/
K.I. Fish Farm & Biofloc Technology,https://www.facebook.com/KI-Fish-Farm-Biofloc-Technology-106482834422174/
Biofloc society of Bangladesh,https://www.facebook.com/bioflocsocietybd/
Biofloc fish farm rangpur,https://www.facebook.com/Mdmehedihassanheaven/
Biofloc Fish Farming In Hindi,https://www.facebook.com/bioflocfishfarminginhindi/
Biofloc Fish Farming Geomembrane Tank Supplier in Bangladesh,https://www.facebook.com/Biofloc-Fish-Farming-Geomembrane-Tank-Supplier-in-Bangladesh-103003374608452/
Fish farming,https://www.facebook.com/souvikfarming/
Fish Farming,https://www.facebook.com/fishfarming1994/
Fish - Farming,https://www.facebook.com/Fish-Farming-104061894750335/
Fish Farming BD,https://www.facebook.com/FishFarmingBangladesh/
Fish Farming,https://www.facebook.com/Fish-Farming-109094141364329/
Fish farming,https://www.facebook.com/Fish-farming-104595151824698/
Bottom Clean Fish Farming in Bangladesh,https://www.facebook.com/Bottom-Clean-Fish-Farming-in-Bangladesh-627710124516964/
Better Life Agro & Biofloc fish farm,https://www.facebook.com/BetterLifeMartbd/
Mahbub The FisH MaN,https://www.facebook.com/mahbubthefishman/
